{"cameraMode":{"drawMode":0,"name":"Shaded","section":"Shading Mode"},"sceneLighting":false,"audioPlay":false,"sceneViewState":{"m_AlwaysRefresh":false,"showFog":true,"showSkybox":false,"showFlares":true,"showImageEffects":true,"showParticleSystems":true,"showVisualEffectGraphs":true,"m_FxEnabled":true},"in2DMode":false,"pivot":{"x":269.4632263183594,"y":0.4658370018005371,"z":138.66305541992188},"rotation":{"x":0.002246435731649399,"y":-0.9932392239570618,"z":0.11403502523899079,"w":0.01997358910739422},"size":1.6315850019454957,"orthographic":false}